Matrix,Class,Subclass,ID,Terminus,Domain,Definition,Sources
0_Null,Identity,Ontologisch,N-334,Parmenides' Nicht-Sein,PHI,"Das absolut Undenkbare: Nicht-Sein kann weder gedacht noch gesagt werden, da Denken immer Denken von etwas ist.","Parmenides, Über die Natur, Frag. B2/B3, ca. 480 v. Chr."
0_Null,Identity,Ontologisch,N-335,Platons Chōra,PHI,"Der formlose Aufnahmeraum im Timaios — weder Sein noch Nichts, sondern das ortlose Zwischen vor aller Form.","Platon, Timaios 48e–52d, ca. 360 v. Chr."
0_Null,Identity,Ontologisch,N-336,Aristoteles' Sterēsis,PHI,"Die Privation als relatives Nichts: das Fehlen einer Form, die einem Substrat zukommen könnte.","Aristoteles, Physik I,9, 192a3–34, ca. 330 v. Chr."
0_Null,Identity,Metaphysisch,N-337,Plotins Hyle,PHI,"Die Materie als äußerster Rand der Emanation — das Dunkelste, das dem Einen am fernsten ist, fast Nichts.","Plotin, Enneaden II,4 (Über die Materie), ca. 255 n. Chr."
0_Null,Identity,Metaphysisch,N-338,Augustinus' Nihil,PHI,"Das Nichts als das, woraus Gott nicht schuf — das absolute Gegenteil des göttlichen Seins.","Augustinus, Confessiones XII,7, 397–401 n. Chr."
0_Null,Identity,Metaphysisch,N-339,Thomas: privatio,PHI,"Das Böse als Privation des Guten — keine eigenständige Substanz, sondern Abwesenheit der schuldigen Vollkommenheit.","Thomas von Aquin, Summa Theologiae I, q.48 a.1, 1265–1274"
0_Null,Identity,Metaphysisch,N-340,Nikolaus v. Kues: Possest,PHI,Das Können-Sein (Possest) vor jeder Aktualität — die coincidentia des Möglichen mit seinem eigenen Noch-nicht.,"Nikolaus von Kues, De possest, 1460; ed. Heidelberger Akademie 1973"
0_Null,Identity,Mystisch,N-341,Meister Eckharts Abgrund,PHI,"Die Gottheit jenseits Gottes — der namenlose Abgrund ohne Eigenschaften, von dem die Seele in der Gelassenheit berührt wird.","Meister Eckhart, Predigt 52 (Beati pauperes spiritu), ca. 1310; ed. Quint, DW II 1971"
0_Null,Identity,Mystisch,N-342,Böhmes Ungrund,PHI,"Der bodenlose Wille vor aller Manifestation — das ewige Nichts als Urwille, der sich selbst noch nicht will.","Jakob Böhme, Aurora oder Morgenröte im Aufgang, 1612; ed. Schiebler 1831"
0_Null,Identity,Ontologisch,N-343,Spinozas Attributlosigkeit,PHI,Was von der Substanz nicht als Attribut ausgesagt werden kann — die logische Grenze jeder Modalbestimmung.,"Baruch de Spinoza, Ethica I, def.4–6, 1677 (postum)"
0_Null,Identity,Metaphysisch,N-344,Leibniz' reines Mögliche,PHI,"Das Mögliche vor seiner Realisation: die Potenz ohne Existenz, die nach dem Sein strebt, aber noch nicht ist.","G. W. Leibniz, Monadologie §43–44, 1714; ed. Gerhardt, Phil. Schr. VI 1885"
0_Null,Identity,Erkenntnis,N-345,Kants ens rationis,PHI,Erste Klasse des Nichts (KrV): der leere Begriff ohne korrespondierenden Gegenstand in der Anschauung.,"Immanuel Kant, Kritik der reinen Vernunft B346/A291, 1787"
0_Null,Identity,Erkenntnis,N-346,Kants nihil privativum,PHI,Zweite Klasse: der leere Gegenstand eines Begriffs — das Negative als Grenzbegriff ohne Anschauungsinhalt.,"Immanuel Kant, Kritik der reinen Vernunft B347, 1787"
0_Null,Identity,Erkenntnis,N-347,Kants ens imaginarium,PHI,Dritte Klasse: leere Anschauung ohne Gegenstand — reine Form von Raum oder Zeit ohne erfüllten Inhalt.,"Immanuel Kant, Kritik der reinen Vernunft B348, 1787"
0_Null,Identity,Erkenntnis,N-348,Kants nihil negativum,PHI,"Vierte Klasse: der leere Gegenstand ohne Begriff — das sich selbst Aufhebende, der reine logische Widerspruch.","Immanuel Kant, Kritik der reinen Vernunft B348, 1787"
0_Null,Identity,Dialektisch,N-349,Fichtes Nicht-Ich,PHI,"Das absolute Nicht-Ich als gesetzter Widerstand des Ich — die Null-Setzung, die Handlung erst ermöglicht.","Johann Gottlieb Fichte, Grundlage der gesamten Wissenschaftslehre §2, 1794"
0_Null,Identity,Metaphysisch,N-350,Schellings Ungrund,PHI,"Der indifferente Grund jenseits von Natur und Geist — das Sein, das sich weder bejaht noch verneint.","Friedrich W. J. Schelling, Philosophische Untersuchungen über das Wesen der menschlichen Freiheit, 1809"
0_Null,Identity,Dialektisch,N-351,Hegels reines Sein = Nichts,PHI,Das reine Sein ohne alle Bestimmung ist dasselbe wie das reine Nichts — die Identität beider leeren Unmittelbarkeiten.,"Georg W. F. Hegel, Wissenschaft der Logik I, §86–87, 1812"
0_Null,Identity,Metaphysisch,N-352,Schopenhauers Willensverneinung,PHI,"Das Nichts als Ziel der Willensverneinung — nicht nihilistisch, sondern als Ruhe jenseits des Wollens.","Arthur Schopenhauer, Die Welt als Wille und Vorstellung I §71, 1818"
0_Null,Identity,Historisch,N-353,Nietzsche: Nihilismus-Null,PHI,Der Nihilismus als diagnostiziertes Null-Ereignis: die höchsten Werte entwerten sich — Gott ist tot.,"Friedrich Nietzsche, Wille zur Macht §2, Nachlass 1883–1888; ed. KGW VIII"
0_Null,Identity,Phänomenologisch,N-354,Husserls epoché,PHI,"Die phänomenologische Reduktion: Einklammerung aller Seinssetzungen, Rückkehr zur reinen Erscheinung.","Edmund Husserl, Ideen zu einer reinen Phänomenologie I §31–32, 1913"
0_Null,Identity,Ontologisch,N-355,Heideggers Seinsvergessenheit,PHI,Das Nichts der ontologischen Differenz: Das Sein selbst tritt zurück — es zeigt sich nur im Seienden.,"Martin Heidegger, Was ist Metaphysik?, 1929; GA Bd. 9"
0_Null,Identity,Phänomenologisch,N-356,Levinas' il y a,PHI,"Das anonyme »Es gibt« — das Rauschen des Seins vor jeder Persönlichkeit, das bedrohliche Neutrum.","Emmanuel Levinas, De l'existence à l'existant, 1947; dt. Vom Sein zum Seienden, Alber 1997"
0_Null,Identity,Sprachlich,N-357,Derridas différance,PHI,"Das Zwischen aller Bedeutung — weder Sein noch Nichts, sondern der Aufschub, der beide ermöglicht.","Jacques Derrida, La différance, in: Marges de la philosophie, 1972; dt. Randgänge der Philosophie, Passagen 1988"
0_Null,Identity,Logisch,N-358,Wittgensteins Schweigen,PHI,"Das Mystische als Grenze der Sprache — weder sagbar noch leer, sondern das Zeigbare jenseits des Gesagten.","Ludwig Wittgenstein, Tractatus logico-philosophicus §7, 1922; Suhrkamp 1963"
0_Null,Identity,Logisch,N-359,Russells leere Klasse,PHI,"Die Nullklasse als logisches Fundament — die Menge ohne Elemente, die in jeder Menge enthalten ist.","Bertrand Russell, The Principles of Mathematics §26, Cambridge UP 1903"
0_Null,Identity,Logisch,N-360,Freges Begriff 0,PHI,"Die Zahl 0 als Begriff: das, unter das nichts fällt — die logische Definition der Null aus dem Nicht-Identischen.","Gottlob Frege, Die Grundlagen der Arithmetik §74–75, Breslau 1884"
0_Null,Identity,Logisch,N-361,Carnaps Pseudoprobleme,PHI,Metaphysische Sätze als sinnleer — sie verletzen die logische Syntax der Sprache und sagen nichts aus.,"Rudolf Carnap, Überwindung der Metaphysik durch logische Analyse der Sprache, Erkenntnis 2, 1932"
0_Null,Identity,Ontologisch,N-362,Quines ontologische Sparsamkeit,PHI,Occams Rasiermesser als ontologisches Null-Prinzip: keine Entitäten über das Notwendige hinaus.,"W. V. O. Quine, On What There Is, Review of Metaphysics 2, 1948"
0_Null,Identity,Paradoxal,N-363,van Inwagens ontol. Nihilismus,PHI,"Die Frage, ob es nichts geben könnte — und warum schon die Formulierbarkeit dieser Frage problematisch ist.","Peter van Inwagen, Why Is There Anything at All?, Proc. Aristotelian Soc. Suppl. 70, 1996"
0_Null,Identity,Ontologisch,N-364,Nagarjunas Svabhāva-Freiheit,PHI,Freiheit von Eigennatur (niḥsvabhāva) als Grundbestimmung aller Dinge — Leerheit als Offenheit.,"Nagarjuna, Mūlamadhyamakakārikā (MMK), ca. 150–200 n. Chr.; trans. Siderits/Katsura, Wisdom 2013"
0_Null,Identity,Dialektisch,N-365,Nishidas absolute Negativität,PHI,Der Ort des Nichts (mu no basho): das Ich negiert sich und wird dadurch zum tragenden Grund.,"Kitarō Nishida, Basho (Ort), 1926; in: Nishida Kitarō Zenshū Bd. 4, Iwanami 1965"
0_Null,Identity,Mystisch,N-366,Nishitanis Śūnyatā vs. Nihilismus,PHI,Buddhistische Leerheit ist nicht nihilistische Leere — Śūnyatā als Fülle des Grundlosen.,"Keiji Nishitani, Religion und Nichts, 1961; dt. Alber 1982; engl. Religion and Nothingness, UC Press 1982"
0_Null,Identity,Mystisch,N-367,Ibn Arabis al-Ahadiyya,PHI,Die göttliche Einheit vor aller Differenz — das göttliche Nichts als absolute Ununterscheidbarkeit.,"Ibn Arabi, Fusūs al-Hikam (Bezels of Wisdom), ca. 1229; trans. Austin, Paulist Press 1980"
0_Null,Identity,Metaphysisch,N-368,Shankaras Nirguna Brahman,PHI,Brahman ohne Attribute — jenseits aller Bestimmung und doch Grund aller Bestimmung.,"Shankara, Brahmasūtra-Bhāṣya I,1,1, ca. 700 n. Chr.; trans. Thibaut, SBE 34, 1890"
0_Null,Identity,Ontologisch,N-369,Laozis Wú (Nicht-Sein),PHI,Das Nicht-Sein als Ursprung: §40 — Rückkehr ist die Bewegung des Tao; Schwäche ist sein Gebrauch.,"Laozi, Tao Te Ching §40, ca. 4. Jh. v. Chr.; trans. Wilhelm, Diederichs 1978"
0_Null,Identity,Mythologisch,N-370,Zhuangzis Hundun,PHI,"Das Chaos als Urgrund — Hundun stirbt, als ihm Löcher gebohrt werden: Bestimmung tötet das Unbestimmte.","Zhuangzi, Kap. 7 (Yìng dìwáng), ca. 3. Jh. v. Chr.; trans. Zhuangzi: Basic Writings, Watson, Columbia UP 2003"
0_Null,Identity,Ontologisch,N-371,Anaximanders Apeiron,PHI,"Das Grenzenlose als Urprinzip — weder Wasser noch Feuer, sondern das qualitativ Unbestimmte.","Anaximander, Frag. DK 12A9/B1, ca. 610–546 v. Chr.; in: Diels/Kranz, Die Fragmente der Vorsokratiker, 1903"
0_Null,Baseline,Ontologisch,N-372,Aristoteles' erste Materie,PHI,Die prima materia als reines Substrat ohne Form — Referenzpunkt unterhalb aller Bestimmtheit.,"Aristoteles, Physik I,7, 190a13–191a22, ca. 330 v. Chr."
0_Null,Baseline,Metaphysisch,N-373,Augustinus' ewige Wahrheiten,PHI,Die unveränderlichen Wahrheiten als Referenzrahmen alles Erkennens — der Fixstern göttlicher Ordnung.,"Augustinus, De libero arbitrio II, 8–15, 391–395 n. Chr."
0_Null,Baseline,Erkenntnis,N-374,Descartes' methodischer Zweifel,PHI,Der radikale Zweifel als methodische Null — Rückkehr auf den einzigen unzweifelhaften Referenzpunkt: cogito.,"René Descartes, Meditationes de prima philosophia, Meditatio II, 1641"
0_Null,Baseline,Metaphysisch,N-375,Spinozas sub specie aeternitatis,PHI,Die Perspektive der Ewigkeit als Baseline — der Nullpunkt jeder zeitlichen Wertung.,"Baruch de Spinoza, Ethica II, prop.44 Cor.2; V, prop.29–31, 1677"
0_Null,Baseline,Erkenntnis,N-376,Kants transzendentale Apperzeption,PHI,Das »Ich denke« als leerer Begleitgedanke aller Vorstellungen — formaler Nullpunkt des Bewusstseins.,"Immanuel Kant, Kritik der reinen Vernunft B131–132, 1787"
0_Null,Baseline,Phänomenologisch,N-377,Husserls lebendige Gegenwart,PHI,Die strömende Gegenwart als Referenz aller Zeitigung — der phänomenologische Nullpunkt der Erfahrung.,"Edmund Husserl, Vorlesungen zur Phänomenologie des inneren Zeitbewusstseins §36, 1928; Hua X"
0_Null,Baseline,Phänomenologisch,N-378,Heideggers Eigentlichkeit,PHI,Das eigentliche Sein-zum-Tode als existenziale Baseline — der Referenzpunkt jenseits des verfallenden Man.,"Martin Heidegger, Sein und Zeit §54, 1927; GA Bd. 2"
0_Null,Baseline,Sprachlich,N-379,Wittgensteins Schweigen als Grenze,PHI,"Das Schweigen als Baseline aller Sprache — der Hintergrund, vor dem Sätze überhaupt Sinn haben können.","Ludwig Wittgenstein, Tractatus logico-philosophicus §7, 1922"
0_Null,Baseline,Erkenntnis,N-380,Poppers Falsifikationsgrenze,PHI,Die Falsifizierbarkeit als Nulllinie zwischen Wissenschaft und Nicht-Wissenschaft.,"Karl Popper, Logik der Forschung §6, Springer Wien 1934"
0_Null,Baseline,Kategorisch,N-381,Rawls Schleier des Nichtwissens,PHI,Der Urzustand als normative Null — Baseline der Gerechtigkeit ohne Positionsvorteil.,"John Rawls, A Theory of Justice, Harvard UP 1971, §3, §24"
0_Null,Baseline,Erkenntnis,N-382,Apels transzendentale Pragmatik,PHI,Die ideale Kommunikationsgemeinschaft als normativer Nullpunkt — Baseline aller diskursiven Geltung.,"Karl-Otto Apel, Transformation der Philosophie Bd. II, Suhrkamp 1973"
0_Null,Baseline,Kategorisch,N-383,Habermas' herrschaftsfreier Diskurs,PHI,"Die ideale Sprechsituation als Referenz-Null ethischen Argumentierens — kontrafaktisch, aber wirksam.","Jürgen Habermas, Theorie des kommunikativen Handelns Bd. I, Suhrkamp 1981"
0_Null,Baseline,Kategorisch,N-384,Peirces Erstheit (Firstness),PHI,Die reine Qualität vor jeder Reaktion und Vermittlung — das Noch-nicht-Bestimmte als erste Kategorie.,"Charles S. Peirce, Collected Papers 1.302–303, Harvard UP 1931–1958"
0_Null,Baseline,Prozessual,N-385,Whiteheads Kreativität,PHI,"Die Kreativität als metaphysische Baseline — das unerschöpfliche Potenzialfeld, aus dem neue Actual Occasions entstehen.","Alfred N. Whitehead, Process and Reality, Cambridge UP 1929, Part I Ch. II"
0_Null,Baseline,Phänomenologisch,N-386,Bergsons durée pure,PHI,"Die reine Dauer vor der Verräumlichung — Referenzpunkt des inneren Zeitstroms, den Sprache verdeckt.","Henri Bergson, Essai sur les données immédiates de la conscience, 1889; dt. Zeit und Freiheit, Jena 1911"
0_Null,Baseline,Ontologisch,N-387,Sartres An-sich-Sein,PHI,"Das être-en-soi als volle, dichte Positivität ohne Negation — die Baseline des Dinghaften.","Jean-Paul Sartre, L'Être et le Néant, Gallimard 1943, Introduction §1"
0_Null,Baseline,Phänomenologisch,N-388,Levinas' Antlitz als Null,PHI,"Das Antlitz des Anderen als ethische Null — der Referenzpunkt, der jede Reduktion auf das Eigene verbietet.","Emmanuel Levinas, Totalité et Infini, Nijhoff 1961; dt. Totalität und Unendlichkeit, Alber 1987"
0_Null,Baseline,Phänomenologisch,N-389,Merleau-Pontys Leibnullpunkt,PHI,"Der Leib als Nullpunkt der Orientierung — das Hier, von dem aus alle räumliche Erfahrung organisiert wird.","Maurice Merleau-Ponty, Phénoménologie de la perception, Gallimard 1945, Teil II Kap. 2"
0_Null,Baseline,Ontologisch,N-390,Nagarjunas pratītyasamutpāda,PHI,Die abhängige Entstehung als Baseline aller Existenz — kein Ding hat Eigenstand außerhalb seiner Relationen.,"Nagarjuna, Mūlamadhyamakakārikā §24,18–19, ca. 150–200 n. Chr."
0_Null,Baseline,Kategorisch,N-391,Laozis Wú-wéi als Baseline,PHI,"Das Nicht-Handeln als Referenz des Handelns — die Stille, aus der wirksames Tun entspringt.","Laozi, Tao Te Ching §48, ca. 4. Jh. v. Chr.; trans. Henricks, Ballantine 1989"
0_Null,Baseline,Mystisch,N-392,Dōgens Shikantaza,PHI,Einfach sitzen als Praxis ohne Ziel — die Baseline vor aller Erfahrung und Bewertung.,"Dōgen, Shōbōgenzō: Zazengi, 1243; trans. Tanahashi, North Point Press 1985"
0_Null,Baseline,Mystisch,N-393,Plotins Henosis,PHI,"Die mystische Einung als Rückkehr in die Null — der Moment, in dem das Ich verschwindet.","Plotin, Enneaden VI,9 (Über das Gute / das Eine), ca. 270 n. Chr."
0_Null,Baseline,Mystisch,N-394,Eckharts Armut des Geistes,PHI,"Die vollständige Leere des Geistes als spirituelle Baseline: arm ist, wer nichts wünscht, nichts weiß, nichts hat.","Meister Eckhart, Predigt 52, ca. 1310; ed. Quint, DW II, Kohlhammer 1971"
0_Null,Baseline,Erkenntnis,N-395,Kants Ding an sich,PHI,"Das Noumenon als Referenz-Null aller Erkenntnis — das, was bleibt, wenn alle Erscheinung abgezogen wird.","Immanuel Kant, Kritik der reinen Vernunft B197/A158; B306–309, 1787"
0_Null,Baseline,Dialektisch,N-396,Hegels reines Anfangen,PHI,Die Frage: Womit soll die Wissenschaft anfangen? — die Null der Logik als reine Unmittelbarkeit.,"Georg W. F. Hegel, Wissenschaft der Logik I §78–83, 1812"
0_Null,Baseline,Historisch,N-397,Feuerbachs entfremdetes Gattungswesen,PHI,Das Gattungswesen als sozialer Nullpunkt — der Mensch ohne seine Projektion auf Gott als Referenz.,"Ludwig Feuerbach, Das Wesen des Christentums, 1841; Reclam 1969"
0_Null,Baseline,Historisch,N-398,Marxens Proletariat als Null,PHI,"Die Klasse ohne Klasse als gesellschaftliche Baseline — das Nichts, das alles werden kann.","Karl Marx, Zur Kritik der Hegelschen Rechtsphilosophie. Einleitung, 1844; MEW Bd. 1"
0_Null,Baseline,Historisch,N-399,Nietzsche: Tabula rasa des Willens,PHI,"Die Selbstüberwindung als Null-Reset — der Wille zur Macht beginnt dort, wo alle alten Werte gelöscht sind.","Friedrich Nietzsche, Also sprach Zarathustra I, Vorrede §3–4, 1883; KSA Bd. 4"
0_Null,Baseline,Metaphysisch,N-400,Shankaras Māyā als Baseline,PHI,Die kosmische Illusion als Baseline der Erscheinung — alles Wahrnehmbare ist Māyā auf dem Hintergrund von Brahman.,"Shankara, Vivekacūḍāmaṇi (Kronjuwel der Unterscheidung), ca. 700 n. Chr.; trans. Prabhavananda, Vedanta 1978"
0_Null,Baseline,Phänomenologisch,N-401,Ibn Sinās Fliegender Mensch,PHI,"Gedankenexperiment des sinnesberaubten, schwebenden Menschen — die Null-Baseline reinen Selbstbewusstseins.","Ibn Sina (Avicenna), Kitāb al-Shifāʾ (Buch der Heilung), ca. 1020; trans. Rahman, Oxford 1952"
0_Null,Emergence,Prozessual,N-402,Anaximanders Ausscheidung,PHI,Die Entstehung des Bestimmten aus dem Apeiron durch Ausscheidung der Gegensätze — erstes Heraustreten aus der Null.,"Anaximander, DK 12A9/A10, ca. 610–546 v. Chr.; Diels/Kranz, Fragmente der Vorsokratiker Bd. 1, 1903"
0_Null,Emergence,Metaphysisch,N-403,Platons Demiurg,PHI,"Der Weltbaumeister, der die Chōra nach den Ideen formt — Emergence des Kosmos aus dem formlosen Substrat.","Platon, Timaios 29d–30a, ca. 360 v. Chr."
0_Null,Emergence,Metaphysisch,N-404,Augustinus: creatio ex nihilo,PHI,Die Schöpfung aus dem Nichts als theologisch-ontologische Emergence — Sein entsteht ohne Voraussetzung.,"Augustinus, Confessiones XII,7; De civitate Dei XII,2, 397–426 n. Chr."
0_Null,Emergence,Metaphysisch,N-405,Plotins erste Emanation,PHI,"Das Hervorgang des Nous aus dem Einen — die erste Emergence: Das Eine tritt aus sich heraus, ohne sich zu verringern.","Plotin, Enneaden V,1 (Über die drei ursprünglichen Hypostasen), ca. 255 n. Chr."
0_Null,Emergence,Metaphysisch,N-406,Leibniz' Monadenentstehung,PHI,Die Fulguration — das plötzliche Aufleuchten der Monaden aus Gottes kontinuierlichem Schaffen.,"G. W. Leibniz, Monadologie §47, 1714; ed. Gerhardt, Phil. Schr. VI, 1885"
0_Null,Emergence,Prozessual,N-407,Schelling: Natur als Emergence,PHI,Die Natur als unbewusster Geist — die Emergence der Wirklichkeit aus dem absoluten Indifferenzpunkt.,"Friedrich W. J. Schelling, Ideen zu einer Philosophie der Natur, 1797; SW Bd. 2"
0_Null,Emergence,Dialektisch,N-408,Hegels Werden,PHI,"Das Werden als erste konkrete Kategorie — die Emergence, die entsteht, wenn Sein und Nichts ineinander übergehen.","Georg W. F. Hegel, Wissenschaft der Logik I §88–89, 1812"
0_Null,Emergence,Historisch,N-409,Marxens Entfremdungsüberwindung,PHI,Die Aufhebung der Entfremdung als gesellschaftliche Emergence — neues Bewusstsein aus dem Bruch mit dem Bestehenden.,"Karl Marx, Ökonomisch-philosophische Manuskripte, 1844; MEW Ergänzungsbd. 1"
0_Null,Emergence,Prozessual,N-410,Nietzsche: Ewige Wiederkunft,PHI,"Der schwerste Gedanke als Emergence-Test: kannst du das Leben so wollen, dass es ewig wiederkehren soll?","Friedrich Nietzsche, Die fröhliche Wissenschaft §341, 1882; Also sprach Zarathustra III, 1884; KSA 3/4"
0_Null,Emergence,Prozessual,N-411,Bergsons élan vital,PHI,Die Lebenskraft als Emergence-Prinzip — das Aufbrechen des Mechanischen durch den schöpferischen Lebensschwung.,"Henri Bergson, L'Évolution créatrice, Alcan 1907; dt. Schöpferische Evolution, Jena 1912"
0_Null,Emergence,Phänomenologisch,N-412,Husserls Urstiftung,PHI,"Die ursprüngliche Stiftung von Sinn — der erste Konstitutionsakt, aus dem alle weiteren Folgen sich ableiten.","Edmund Husserl, Die Krisis der europäischen Wissenschaften §9h, 1936; Hua VI"
0_Null,Emergence,Phänomenologisch,N-413,Heideggers Geworfenheit,PHI,Das Dasein findet sich immer schon in einer Situation vor — Emergence als Faktum der Existenz.,"Martin Heidegger, Sein und Zeit §29, 1927; GA Bd. 2"
0_Null,Emergence,Phänomenologisch,N-414,Sartres Wahl-Emergence,PHI,"Die radikale Freiheit als Emergence-Akt: Der Mensch ist verurteilt, frei zu sein — er tritt aus dem Nichts heraus.","Jean-Paul Sartre, L'existentialisme est un humanisme, Nagel 1945; dt. Rowohlt 1960"
0_Null,Emergence,Phänomenologisch,N-415,Merleau-Pontys Leibemergenz,PHI,"Bedeutung emergiert nicht im Geist, sondern in der leiblichen Praxis — Sinn entsteht im Tun des Leibes.","Maurice Merleau-Ponty, Phénoménologie de la perception, Gallimard 1945, Teil I"
0_Null,Emergence,Sprachlich,N-416,Derridas Spur,PHI,"Die Spur als Emergence-Figur — das Anwesen des Abwesenden, das jede Bedeutung erst ermöglicht.","Jacques Derrida, De la grammatologie, Minuit 1967; dt. Grammatologie, Suhrkamp 1974"
0_Null,Emergence,Kategorisch,N-417,Habermas' kommunikative Emergenz,PHI,"Rationalität emergiert nicht im Subjekt, sondern in der Praxis des Argumentierens.","Jürgen Habermas, Theorie des kommunikativen Handelns Bd. II, Suhrkamp 1981"
0_Null,Emergence,Historisch,N-418,Foucaults Diskurs-Emergence,PHI,Die Entstehung von Wahrheit aus diskursiven Praktiken — Wissen emergiert aus Machtverhältnissen.,"Michel Foucault, L'archéologie du savoir, Gallimard 1969; dt. Archäologie des Wissens, Suhrkamp 1973"
0_Null,Emergence,Historisch,N-419,Kuhns Paradigmen-Emergence,PHI,Das neue Paradigma emergiert nach der Krise — die wissenschaftliche Revolution als ontologischer Null-Reset.,"Thomas S. Kuhn, The Structure of Scientific Revolutions, U of Chicago Press 1962"
0_Null,Emergence,Prozessual,N-420,Whiteheads Konkreszenz,PHI,Das Zusammenwachsen von Prehensionen zur Actual Occasion — Emergence als das Werden eines Ereignisses.,"Alfred N. Whitehead, Process and Reality, Cambridge UP 1929, Part III Ch. I"
0_Null,Emergence,Erkenntnis,N-421,Peirces Abduktion,PHI,"Der abduktive Schluss als Emergence neuer Hypothesen — die einzige Erkenntnisart, die wirklich Neues erzeugt.","Charles S. Peirce, Collected Papers 5.171; 5.189, Harvard UP 1931–1958"
0_Null,Emergence,Ontologisch,N-422,Nagarjunas Zwei-Wahrheits-Emergence,PHI,Die konventionelle Wahrheit emergiert auf dem Hintergrund der absoluten Leerheit — beide Wahrheiten bedingen sich.,"Nagarjuna, MMK §24,8–10; Chandrakīrti, Madhyamakāvatāra, ca. 600 n. Chr."
0_Null,Emergence,Mystisch,N-423,Dōgens Genjōkōan,PHI,Das Sich-Verwirklichen der Dinge (genjō) — Emergence als das Offenbarwerden der Buddhanatur im konkreten Vollzug.,"Dōgen, Shōbōgenzō: Genjōkōan, 1233; trans. Tanahashi, North Point Press 1985"
0_Null,Emergence,Ontologisch,N-424,Laozis Tao als Emergence,PHI,"§1: Das Tao, das sich benennen lässt, ist nicht das ewige Tao — die Emergence des Benennbaren aus dem Nicht-Benennbaren.","Laozi, Tao Te Ching §1, ca. 4. Jh. v. Chr.; trans. Wilhelm, Diederichs 1978"
0_Null,Emergence,Mystisch,N-425,Ibn Arabis Tajallī,PHI,Die göttliche Selbstoffenbarung — Gott offenbart sich stufenweise in der Schöpfung als Emergence seiner eigenen Namen.,"Ibn Arabi, Al-Futūḥāt al-Makkiyya (Mekkanische Offenbarungen), ca. 1203–1240; teilw. trans. Addas 1993"
0_Null,Emergence,Prozessual,N-426,Plotins Epistrophē,PHI,Die Rückkehrbewegung der Seele zum Einen — die Emergence des Höheren aus der Sehnsucht nach dem Ursprung.,"Plotin, Enneaden I,6 (Über das Schöne), ca. 255 n. Chr."
0_Null,Emergence,Paradoxal,N-427,Anselms ontologisches Argument,PHI,Das Sein emergiert aus dem Begriff des Vollkommensten — Existence aus reiner Denknotwendigkeit.,"Anselm von Canterbury, Proslogion II–III, 1077–1078; ed. Schmitt, Edinburgh 1946"
0_Null,Emergence,Prozessual,N-428,Spinozas conatus,PHI,"Der Selbsterhaltungstrieb als Emergence-Kraft — jedes Ding strebt danach, in seinem Sein zu verharren.","Baruch de Spinoza, Ethica III, prop.6–7, 1677"
0_Null,Emergence,Prozessual,N-429,Schellings Weltseele,PHI,Die Weltseele als Emergence-Prinzip der Natur — das Band zwischen organischem und anorganischem Bereich.,"Friedrich W. J. Schelling, Von der Weltseele, 1798; SW Bd. 2"
0_Null,Emergence,Dialektisch,N-430,Hegels Aufhebung,PHI,"Die dreifache Aufhebung (tollere/conservare/elevare) als Emergence — Negation, Bewahrung und Erhebung in einem Akt.","Georg W. F. Hegel, Wissenschaft der Logik I §96; Enzyklopädie §81 Anm., 1817/1830"
0_Null,Emergence,Prozessual,N-431,Peirces evolutionary love,PHI,Agapismus — die Emergence höherer Ordnung durch Liebe als kosmisches Evolutionsprinzip.,"Charles S. Peirce, The Law of Mind, The Monist 2(4), 1892; CP 6.102–163"
0_Null,Emergence,Historisch,N-432,Foucaults Genealogie,PHI,"Die Herkunft als Emergence-Analyse — nicht der Ursprung, sondern das Entstehen aus Kräfteverhältnissen.","Michel Foucault, Nietzsche, la généalogie, l'histoire, in: Hommage à Hyppolite, PUF 1971"
0_Null,Emergence,Prozessual,N-433,Deleuzes Differenz,PHI,"Die Differenz als ontologische Emergence-Kraft — Sein ist Differenz, nicht Identität; das Neue entsteht aus Wiederholung.","Gilles Deleuze, Différence et répétition, PUF 1968; dt. Differenz und Wiederholung, Fink 1992"
1_Unity,Identity,Ontologisch,U-251,Parmenides' Hen (das Eine Sein),PHI,"Das Eine als das einzig Seiende — ungeteilt, ungeworden, unbeweglich, vollkommen in sich.","Parmenides, Über die Natur, Frag. B8, ca. 480 v. Chr.; Diels/Kranz, Vorsokratiker Bd. 1"
1_Unity,Identity,Metaphysisch,U-252,Platons Idee des Guten,PHI,Das Gute jenseits des Seins (epekeina tēs ousias) — Quell aller Wahrheit und Erkennbarkeit.,"Platon, Politeia VI, 509b, ca. 375 v. Chr."
1_Unity,Identity,Metaphysisch,U-253,Platons Eidos als Einheit,PHI,"Die Idee als das Eine hinter der Vielheit — die gemeinsame Form, an der die Einzeldinge teilhaben.","Platon, Phaidon 65d; Parmenides 132a, ca. 385–370 v. Chr."
1_Unity,Identity,Metaphysisch,U-254,Aristoteles' unbewegter Beweger,PHI,"Das erste Prinzip als reine Aktualität — sich selbst denkendes Denken, das alles bewegt, ohne bewegt zu werden.","Aristoteles, Metaphysik XII,7, 1072a25–1073a13, ca. 330 v. Chr."
1_Unity,Identity,Metaphysisch,U-255,Plotins Hen (Das Eine),PHI,Das absolute Eine jenseits des Seins und des Denkens — übervolle Quelle aller Emanation.,"Plotin, Enneaden V,1; VI,9, ca. 255–270 n. Chr."
1_Unity,Identity,Metaphysisch,U-256,Proklos' Henaden,PHI,Die Einheitsprinzipien (Henaden) als Mittler zwischen dem Einen und dem Vielen.,"Proklos, Elementatio Theologica §113–165, ca. 450 n. Chr.; trans. Dodds, Oxford UP 1963"
1_Unity,Identity,Mystisch,U-257,Pseudo-Dionysios: göttliche Einheit,PHI,Die apophatische Einheit Gottes — Das Eine übersteigt alle Namen und wird in der Stille erkannt.,"Pseudo-Dionysios Areopagita, De divinis nominibus II, ca. 500 n. Chr.; dt. Ritter, Herder 1994"
1_Unity,Identity,Metaphysisch,U-258,Augustinus: Trinität als Einheit,PHI,"Die göttliche Einheit in drei Personen — una substantia, tres personae als paradoxe Einheitsstruktur.","Augustinus, De Trinitate V–VII, 399–419 n. Chr.; CCL 50, Turnhout 1968"
1_Unity,Identity,Metaphysisch,U-259,Anselms id quo maius,PHI,"Das, worüber hinaus Größeres nicht gedacht werden kann — die Einheit als höchste ontologische Verdichtung.","Anselm von Canterbury, Proslogion II, 1077–1078; ed. Schmitt, Edinburgh 1946"
1_Unity,Identity,Ontologisch,U-260,Thomas: esse als actus essendi,PHI,Das Sein als reiner Vollzugsakt — die Einheit von Wesen und Dasein nur in Gott als ipsum esse subsistens.,"Thomas von Aquin, Summa Theologiae I, q.3 a.4; De ente et essentia Kap. 4, 1265–1274"
1_Unity,Identity,Metaphysisch,U-261,Nikolaus v. Kues: Non-aliud,PHI,"Das Nicht-Andere — die absolute Einheit, die sich von nichts unterscheidet und dennoch alles definiert.","Nikolaus von Kues, De non aliud, 1462; ed. Heidelberger Akademie 1944"
1_Unity,Identity,Ontologisch,U-262,Spinozas una substantia,PHI,"Deus sive Natura — die einzige Substanz mit unendlich vielen Attributen, deren Modi alle Dinge sind.","Baruch de Spinoza, Ethica I, prop.14, 1677"
1_Unity,Identity,Metaphysisch,U-263,Leibniz' Monade als Einheit,PHI,Die Monade als unteilbare Einheit ohne Fenster — jede Monade ist eine vollständige Welt für sich.,"G. W. Leibniz, Monadologie §1–7, 1714; ed. Gerhardt, Phil. Schr. VI, 1885"
1_Unity,Identity,Erkenntnis,U-264,Kants transzendentale Einheit,PHI,"Die synthetische Einheit der Apperzeption — das »Ich denke«, das alle Vorstellungen verbindet.","Immanuel Kant, Kritik der reinen Vernunft B131–136, 1787"
1_Unity,Identity,Dialektisch,U-265,Fichtes absolutes Ich,PHI,Das Ich setzt sich selbst — die absolute Tathandlung als ursprüngliche Einheit von Sein und Tun.,"Johann G. Fichte, Grundlage der gesamten Wissenschaftslehre §1, 1794"
1_Unity,Identity,Dialektisch,U-266,Schellings Identitätsphilosophie,PHI,"Die absolute Identität von Natur und Geist — der Indifferenzpunkt, an dem beide eins sind.","Friedrich W. J. Schelling, Darstellung meines Systems der Philosophie, 1801; SW Bd. 4"
1_Unity,Identity,Dialektisch,U-267,Hegels Absolutes,PHI,"Das Absolute als sich selbst begreifender Geist — die Einheit, die alle Unterschiede in sich aufhebt.","Georg W. F. Hegel, Phänomenologie des Geistes, Schlusskapitel, Bamberg 1807"
1_Unity,Identity,Mystisch,U-268,Schleiermachers Einheitsgefühl,PHI,Das schlechthinnige Abhängigkeitsgefühl als religiöse Einheitserfahrung.,"Friedrich Schleiermacher, Über die Religion: Reden an die Gebildeten unter ihren Verächtern, 1799; Reclam 1969"
1_Unity,Identity,Metaphysisch,U-269,Schopenhauers Wille als Einheit,PHI,Der eine Wille als Ding an sich hinter allen Erscheinungen — die Einheit jenseits der Vielheit der Vorstellung.,"Arthur Schopenhauer, Die Welt als Wille und Vorstellung I §23, 1818"
1_Unity,Identity,Metaphysisch,U-270,Whiteheads God (Primordial Nature),PHI,Die primordiale Natur Gottes als ewige Einheit der Möglichkeiten — Referenzrahmen aller Kreativität.,"Alfred N. Whitehead, Process and Reality, Cambridge UP 1929, Part V Ch. II"
1_Unity,Identity,Metaphysisch,U-271,Bradleys Absolute,PHI,Das Absolute als einzige Realität — alles Andere ist bloße Erscheinung.,"F. H. Bradley, Appearance and Reality, Sonnenschein 1893, Kap. 14–15"
1_Unity,Identity,Ontologisch,U-272,Meinongs Gegenstandstheorie,PHI,"Die Einheit des Gegenstands als solchem — das, was einem Terminus entspricht, unabhängig von seiner Existenz.","Alexius Meinong, Über Gegenstandstheorie, in: Untersuchungen zur Gegenstandstheorie, Barth 1904"
1_Unity,Identity,Logisch,U-273,Russells logische Formen,PHI,"Die logische Form als Einheitsstruktur des Satzes — das, was Sätze mit den Tatsachen teilen.","Bertrand Russell, The Philosophy of Logical Atomism, The Monist 1918; ed. Marsh, Allen & Unwin 1956"
1_Unity,Identity,Sprachlich,U-274,Freges Sinn und Bedeutung,PHI,"Die Einheit des Ausdrucks in Sinn und Bedeutung — verschiedene Ausdrücke, ein Referent (Abendstern = Morgenstern).","Gottlob Frege, Über Sinn und Bedeutung, Zeitschrift für Philosophie und philos. Kritik 100, 1892"
1_Unity,Identity,Phänomenologisch,U-275,Husserls intentionale Einheit,PHI,Die Einheit von Noesis und Noema — jeder Bewusstseinsakt ist als Einheit von Vollzug und Inhalt strukturiert.,"Edmund Husserl, Ideen I §88, 1913; Hua III"
1_Unity,Identity,Ontologisch,U-276,Heideggers Sein überhaupt,PHI,"Das Sein als das, was jedem Seienden zukommt und doch kein Seiendes ist — die ursprünglichste Einheit.","Martin Heidegger, Sein und Zeit §1–4, 1927; GA Bd. 2"
1_Unity,Identity,Logisch,U-277,Wittgensteins Welt als Einheit,PHI,"Die Welt ist alles, was der Fall ist — die logische Einheit des Bestehens von Sachverhalten.","Ludwig Wittgenstein, Tractatus logico-philosophicus §1.0–1.13, 1922"
1_Unity,Identity,Ontologisch,U-278,Quines ontologische Einheit,PHI,Sein als Einheit der Quantifikation — to be is to be the value of a variable.,"W. V. O. Quine, On What There Is, Review of Metaphysics 2, 1948; in: From a Logical Point of View, Harvard UP 1953"
1_Unity,Identity,Kategorisch,U-279,Rawls Einheit der Person,PHI,Die personale Einheit über die Zeit als Grundlage der Gerechtigkeitstheorie.,"John Rawls, A Theory of Justice, Harvard UP 1971, §25"
1_Unity,Identity,Ontologisch,U-280,Badious Ereignis-Einheit,PHI,"Das Ereignis als Einheit, die nicht zur Situation gehört — die Singularität, die eine neue Wahrheit konstituiert.","Alain Badiou, L'Être et l'Événement, Seuil 1988; dt. Das Sein und das Ereignis, diaphanes 2005"
1_Unity,Identity,Ontologisch,U-281,Nagarjunas Zwei-Wahrheits-Einheit,PHI,Die Einheit von konventioneller und absoluter Wahrheit — beide sind untrennbar verbunden.,"Nagarjuna, MMK §24,8; trans. Siderits/Katsura, Wisdom Publications 2013"
1_Unity,Identity,Metaphysisch,U-282,Shankaras Brahman (saguna),PHI,"Brahman mit Attributen als lehrbare Einheit — die Einheit Gottes, die im Gebet und Ritual erfahrbar ist.","Shankara, Brahmasūtra-Bhāṣya I,1,1–4, ca. 700 n. Chr.; trans. Thibaut, SBE 34, 1890"
1_Unity,Identity,Mystisch,U-283,Ruusbroecs Unio Mystica,PHI,Die mystische Vereinigung als höchste Einheit — Einssein mit Gott jenseits aller Unterscheidung.,"Jan van Ruusbroec, Die Zierde der geistlichen Hochzeit, ca. 1335; dt. Herder 1924"
1_Unity,Identity,Ontologisch,U-284,Laozis Tao als Einheit,PHI,Das Eine gebiert das Zwei — das Tao als ursprüngliche Einheit vor aller Differenzierung.,"Laozi, Tao Te Ching §42, ca. 4. Jh. v. Chr.; trans. Wilhelm, Diederichs 1978"
1_Unity,Identity,Kategorisch,U-285,Konfuzius: Ren (Menschlichkeit),PHI,"Das ren als die einheitliche Tugend, aus der alle anderen Tugenden hervorgehen.","Konfuzius, Analekten XII,1; IV,15, ca. 500 v. Chr.; trans. Legge, Clarendon 1893"
1_Unity,Identity,Phänomenologisch,U-286,Nishidas reines Erlebnis,PHI,Das reine Erleben vor Subjekt-Objekt-Trennung — die Einheit des Bewusstseins an seinem Nullpunkt.,"Kitarō Nishida, Zen no kenkyū (Über das Gute), 1911; trans. Abe/Ives, Yale UP 1990"
1_Unity,Identity,Mystisch,U-287,Ibn Arabis Waḥdat al-wujūd,PHI,Die Einheit des Seins — alles Existierende ist Manifestation der einen göttlichen Realität.,"Ibn Arabi, Fusūs al-Hikam, ca. 1229; trans. Austin, Paulist Press 1980"
1_Unity,Identity,Mystisch,U-288,Rūmīs tawhīd,PHI,Die göttliche Einheit als mystische Erfahrung — Auflösen des Ich in der einen göttlichen Wirklichkeit.,"Jalāl ad-Dīn Rūmī, Masnawī I, Prolog, 1258–1273; trans. Nicholson, Luzac 1925"
1_Unity,Identity,Dialektisch,U-289,Hegels Sittlichkeit als Einheit,PHI,Die konkrete Einheit von Individuum und Gemeinschaft — die Aufhebung von Moralität in lebendige Sitte.,"Georg W. F. Hegel, Grundlinien der Philosophie des Rechts §142–145, 1820"
1_Unity,Identity,Erkenntnis,U-290,Kants Vernunfteinheit,PHI,"Die Einheit der Vernunft als regulative Idee — das systematische Ganze, dem die Erkenntnis zustrebt.","Immanuel Kant, Kritik der reinen Vernunft B672–696, 1787"
1_Unity,Baseline,Ontologisch,U-291,Parmenides' Sein als Baseline,PHI,"Das volle, unteilte Sein als Referenz aller Aussagen über das Wirkliche.","Parmenides, Frag. B8, ca. 480 v. Chr.; Diels/Kranz, Vorsokratiker Bd. 1"
1_Unity,Baseline,Metaphysisch,U-292,Platons Ideen als Referenz,PHI,Die Ideen als Maßstab aller Erscheinungen — das Schöne an sich als Referenz aller schönen Dinge.,"Platon, Symposion 211b; Phaidon 75c–d, ca. 385–370 v. Chr."
1_Unity,Baseline,Ontologisch,U-293,Aristoteles' Ousia als Baseline,PHI,"Die Substanz als ontologische Baseline — das, worüber alles andere ausgesagt wird.","Aristoteles, Kategorien 2a11–2b6; Metaphysik VII,1, ca. 330 v. Chr."
1_Unity,Baseline,Kategorisch,U-294,Thomas: Lex naturalis,PHI,Das natürliche Gesetz als moralische Baseline — Teilhabe der Vernunft am ewigen Gesetz Gottes.,"Thomas von Aquin, Summa Theologiae I-II, q.91 a.2, 1269–1271"
1_Unity,Baseline,Kategorisch,U-295,Kants kategorischer Imperativ,PHI,"Handle nur nach derjenigen Maxime, durch die du zugleich wollen kannst, dass sie allgemeines Gesetz werde.","Immanuel Kant, Grundlegung zur Metaphysik der Sitten BA52, 1785"
1_Unity,Baseline,Kategorisch,U-296,Hegels Sittlichkeit als Baseline,PHI,"Die lebendige Sittlichkeit als sozialer Referenzrahmen — der Boden, auf dem Individuen stehen.","Georg W. F. Hegel, Grundlinien der Philosophie des Rechts §145–146, 1820"
1_Unity,Baseline,Kategorisch,U-297,Mills Nutzenprinzip,PHI,Das größte Glück der größten Zahl als ethische Baseline allen Handelns.,"John Stuart Mill, Utilitarianism, Fraser's Magazine 1861; Longmans 1863"
1_Unity,Baseline,Kategorisch,U-298,Rawls Grundgüter,PHI,"Die Grundgüter als Baseline der Gerechtigkeitstheorie — das, was jede rationale Person unabhängig von ihren Zielen will.","John Rawls, A Theory of Justice, Harvard UP 1971, §15"
1_Unity,Baseline,Kategorisch,U-299,Habermas' Diskursethik,PHI,"Grundsatz D: Nur Normen sind gültig, denen alle Betroffenen im rationalen Diskurs zustimmen könnten.","Jürgen Habermas, Moralbewusstsein und kommunikatives Handeln, Suhrkamp 1983"
1_Unity,Baseline,Kategorisch,U-300,Peirces Synechismus,PHI,Das Prinzip der Kontinuität als Grundstruktur der Wirklichkeit — alles ist graduell verbunden.,"Charles S. Peirce, The Law of Mind, The Monist 2(4), 1892; CP 6.102–163"
1_Unity,Baseline,Metaphysisch,U-301,Whiteheads ewige Objekte,PHI,"Die ewigen Objekte als Möglichkeitsraum aller Konkreszenz — Formen, die in Actual Occasions eingehen können.","Alfred N. Whitehead, Process and Reality, Cambridge UP 1929, Part II Ch. III"
1_Unity,Baseline,Phänomenologisch,U-302,Husserls Lebenswelt,PHI,"Die Lebenswelt als vorwissenschaftliche Baseline — der Boden aller Erfahrung, auf dem Wissenschaft aufbaut.","Edmund Husserl, Die Krisis der europäischen Wissenschaften §34–36, 1936; Hua VI"
1_Unity,Baseline,Phänomenologisch,U-303,Heideggers In-der-Welt-sein,PHI,Das In-der-Welt-sein als existenziale Baseline — das Dasein ist immer schon in einer vertrauten Welt.,"Martin Heidegger, Sein und Zeit §12–18, 1927; GA Bd. 2"
1_Unity,Baseline,Sprachlich,U-304,Gadamers Vorurteil,PHI,Das legitime Vorurteil als hermeneutische Baseline — Verstehen ist immer schon durch Tradition konstituiert.,"Hans-Georg Gadamer, Wahrheit und Methode II,1, Mohr Siebeck 1960"
1_Unity,Baseline,Erkenntnis,U-305,Poppers Bewährung,PHI,"Die Bewährung als epistemische Baseline — das Beste, was eine Theorie erreichen kann: noch nicht widerlegt.","Karl Popper, Logik der Forschung §§82–85, Springer Wien 1934"
1_Unity,Baseline,Historisch,U-306,Kuhns Paradigma,PHI,"Das wissenschaftliche Paradigma als Baseline normaler Wissenschaft — Rahmen, in dem Rätsel gelöst werden.","Thomas S. Kuhn, The Structure of Scientific Revolutions, U of Chicago Press 1962, Kap. 3–4"
1_Unity,Baseline,Ontologisch,U-307,Nagarjunas konventionelle Wahrheit,PHI,"Die samvrti-satya als praktische Baseline — die Wahrheit, die im Alltag gilt und nicht aufgegeben werden kann.","Nagarjuna, MMK §24,8–10, ca. 150–200 n. Chr."
1_Unity,Baseline,Kategorisch,U-308,Konfuzius: Li (Ritus),PHI,"Die Riten als sozialer Referenzrahmen — das, was die Gesellschaft zusammenhält und Verhalten orientiert.","Konfuzius, Analekten XII,1; XV,18, ca. 500 v. Chr.; trans. Legge, Clarendon 1893"
1_Unity,Baseline,Erkenntnis,U-309,Ibn Rushds Vernunft als Baseline,PHI,"Die aktive Vernunft als universaler Referenzpunkt — ein intellektueller Maßstab, der für alle Menschen gilt.","Ibn Rushd (Averroës), Commentarium Magnum in Aristotelis De Anima III, ca. 1190; trans. Crawford, Medieval Acad. 1953"
1_Unity,Baseline,Ontologisch,U-310,Spinozas conatus als Baseline,PHI,"Der Selbsterhaltungstrieb als Referenz aller Handlungen — jedes Wesen strebt danach, das zu bleiben, was es ist.","Baruch de Spinoza, Ethica III, prop.7, 1677"
1_Unity,Baseline,Erkenntnis,U-311,Shankaras Sruti als Baseline,PHI,"Die vedische Offenbarung als epistemische Baseline — der Referenzpunkt, an dem alle anderen Erkenntnisquellen gemessen werden.","Shankara, Brahmasūtra-Bhāṣya I,1,3, ca. 700 n. Chr.; trans. Thibaut, SBE 34, 1890"
1_Unity,Baseline,Mystisch,U-312,Dōgens Zazen als Baseline,PHI,Die Praxis des Sitzens als ontologische Baseline — in der Stille des Zazen zeigt sich die Einheit von Erleuchtung und Übung.,"Dōgen, Bendōwa (Gespräch über das Erwachen zur Praxis), 1231; trans. Tanahashi, North Point 1985"
1_Unity,Baseline,Phänomenologisch,U-313,Merleau-Pontys Fleisch,PHI,Das Fleisch der Welt als ontologische Baseline — die gemeinsame Substanz von Leib und Welt.,"Maurice Merleau-Ponty, Le visible et l'invisible, Gallimard 1968; dt. Das Sichtbare und das Unsichtbare, Fink 1986"
1_Unity,Baseline,Phänomenologisch,U-314,Levinas' Unendliches,PHI,"Das Unendliche im Antlitz des Anderen als ethische Baseline — der Anruf, der alle Selbstbezüglichkeit unterbricht.","Emmanuel Levinas, Totalité et Infini, Nijhoff 1961; dt. Totalität und Unendlichkeit, Alber 1987"
1_Unity,Baseline,Sprachlich,U-315,Wittgensteins Lebensform,PHI,"Die Lebensform als Baseline aller Sprachspiele — was gegeben ist, sind eben die Lebensformen.","Ludwig Wittgenstein, Philosophische Untersuchungen §19, §241, 1953; Suhrkamp 1967"
1_Unity,Baseline,Erkenntnis,U-316,Searles Hintergrund,PHI,"Der Hintergrund (Background) als präintentionale Baseline — das, was Intentionalität erst ermöglicht.","John Searle, Intentionality, Cambridge UP 1983, Kap. 5"
1_Unity,Baseline,Sprachlich,U-317,Derridas archi-écriture,PHI,"Die Ur-Schrift als Baseline aller Zeichen — die Spur, die jedem Zeichen vorausgeht.","Jacques Derrida, De la grammatologie, Minuit 1967; dt. Grammatologie, Suhrkamp 1974"
1_Unity,Baseline,Kategorisch,U-318,Bourdieus Habitus,PHI,"Der Habitus als inkorporierte soziale Baseline — dauerhafte Disposition, die Handeln und Wahrnehmen strukturiert.","Pierre Bourdieu, Le sens pratique, Minuit 1980; dt. Sozialer Sinn, Suhrkamp 1987"
1_Unity,Baseline,Phänomenologisch,U-319,Nishidas Ort (Basho),PHI,"Der Ort des absoluten Nichts als Basis aller Erkenntnis — das Feld, in dem Subjekt und Objekt erscheinen.","Kitarō Nishida, Basho (Ort), 1926; in: Nishida Kitarō Zenshū Bd. 4, Iwanami 1965"
1_Unity,Baseline,Ontologisch,U-320,Heraklits Logos als Baseline,PHI,"Der Logos als gemeinsamer Referenzrahmen — obwohl der Logos allgemein ist, leben die meisten als hätten sie eine eigene Einsicht.","Heraklit, Frag. B1, B2, ca. 500 v. Chr.; Diels/Kranz, Vorsokratiker Bd. 1"
1_Unity,Emergence,Prozessual,U-321,Platons Eros als Emergence,PHI,Der Eros als aufsteigendes Streben zur Einheit — Aufstieg vom schönen Körper zur Idee des Schönen selbst.,"Platon, Symposion 210a–211b, ca. 385 v. Chr."
1_Unity,Emergence,Prozessual,U-322,Aristoteles' Entelechie,PHI,"Die Entelechie als Vollendungsstruktur — das Ziel, das im Ding selbst liegt und auf das es sich zubewegt.","Aristoteles, De Anima II,1, 412a19–28, ca. 330 v. Chr."
1_Unity,Emergence,Prozessual,U-323,Plotins Epistrophē als Einheitsemergenz,PHI,Die Rückkehr der Seele zum Einen als Emergence von Einheit — Aufstieg durch Nous und Seele zur Quelle.,"Plotin, Enneaden VI,9,11, ca. 270 n. Chr."
1_Unity,Emergence,Metaphysisch,U-324,Augustinus: Beata vita,PHI,Das selige Leben als Emergence der Seele in der Einheit mit Gott — Ruhe als Ziel aller Unruhe.,"Augustinus, Confessiones I,1; De beata vita, 386 n. Chr."
1_Unity,Emergence,Dialektisch,U-325,Hegels Geist-Emergence,PHI,"Der absolute Geist als Emergence des Denkens, das sich selbst denkt — Einheit am Ende der phänomenologischen Reise.","Georg W. F. Hegel, Phänomenologie des Geistes, Abs. Wissen, Bamberg 1807"
1_Unity,Emergence,Prozessual,U-326,Schopenhauers ästhetische Einheit,PHI,"Im ästhetischen Erleben emergiert Einheit: Das Subjekt wird zum reinen Erkenntnisspiegel, der Wille schweigt.","Arthur Schopenhauer, Die Welt als Wille und Vorstellung I §34–38, 1818"
1_Unity,Emergence,Prozessual,U-327,Bergsons Intuition,PHI,Die philosophische Intuition als Emergence der Einheit — das Zusammenfallen mit dem Rhythmus des Lebens selbst.,"Henri Bergson, Introduction à la métaphysique, Revue de métaphysique et de morale 1903; dt. Fischer 1912"
1_Unity,Emergence,Prozessual,U-328,Whiteheads Satisfaction,PHI,"Die Satisfaction als vollendete Einheit einer Actual Occasion — Augenblick, in dem Konkreszenz abgeschlossen ist.","Alfred N. Whitehead, Process and Reality, Cambridge UP 1929, Part III Ch. I §3"
1_Unity,Emergence,Phänomenologisch,U-329,Husserls Synthesis,PHI,"Die passive und aktive Synthesis als Emergence von Einheit im Bewusstsein — Einheit ist nie gegeben, immer geleistet.","Edmund Husserl, Analysen zur passiven Synthesis (1917–1926), Hua XI, 1966"
1_Unity,Emergence,Phänomenologisch,U-330,Heideggers Eigentlichkeit als Einheit,PHI,Das Ganzseinkönnen des Daseins — die Emergence der eigentlichen Einheit aus der Zerstreuung im Man.,"Martin Heidegger, Sein und Zeit §60–64, 1927; GA Bd. 2"
1_Unity,Emergence,Sprachlich,U-331,Gadamers Horizontverschmelzung,PHI,Das Verstehen als Emergence einer neuen Einheit — der Horizont des Textes und der Leser verschmelzen.,"Hans-Georg Gadamer, Wahrheit und Methode II,3, Mohr Siebeck 1960"
1_Unity,Emergence,Phänomenologisch,U-332,Merleau-Pontys Interleiblichkeit,PHI,Die Einheit von Eigenleib und Fremdleib — Intersubjektivität emergiert aus der geteilten Leiblichkeit.,"Maurice Merleau-Ponty, Le visible et l'invisible, Gallimard 1968"
1_Unity,Emergence,Kategorisch,U-333,Habermas' kommunikative Vernunft,PHI,"Die kommunikative Vernunft als Emergence — Rationalität entsteht im Diskurs, nicht im isolierten Subjekt.","Jürgen Habermas, Theorie des kommunikativen Handelns Bd. I, Suhrkamp 1981"
1_Unity,Emergence,Kategorisch,U-334,Rawls Überlegungsgleichgewicht,PHI,Das reflective equilibrium als Emergence normativer Einheit — Prinzipien und Urteilsintuitionen gleichen sich an.,"John Rawls, A Theory of Justice, Harvard UP 1971, §9"
1_Unity,Emergence,Kategorisch,U-335,Peirces Thirdness als Einheit,PHI,Die Drittheit als Emergence von Vermittlung und Gesetz — das Zeichen verbindet Objekt und Interpretant zur Einheit.,"Charles S. Peirce, Collected Papers 1.337–353, Harvard UP 1931–1958"
1_Unity,Emergence,Ontologisch,U-336,Nagarjunas Nirvāna-Samsāra-Einheit,PHI,Nirvāna und Samsāra sind nicht verschieden — die Emergence der Einheit durch Aufhebung der Differenz.,"Nagarjuna, MMK §25,19–20, ca. 150–200 n. Chr."
1_Unity,Emergence,Mystisch,U-337,Dōgens Einheit von Praxis und Erleuchtung,PHI,Übung und Erleuchtung sind nicht getrennt — die Praxis selbst ist bereits die Emergence von Einheit.,"Dōgen, Bendōwa, 1231; Shōbōgenzō, trans. Tanahashi, North Point 1985"
1_Unity,Emergence,Mystisch,U-338,Ibn Arabis Tajallī als Einheit,PHI,Die göttliche Selbstoffenbarung als Emergence der Einheit in der Vielheit — jede Schöpfung ist ein Name Gottes.,"Ibn Arabi, Al-Futūḥāt al-Makkiyya, ca. 1203–1240; in: Chittick, The Sufi Path of Knowledge, SUNY 1989"
1_Unity,Emergence,Dialektisch,U-339,Nishidas widersprüchliche Selbstidentität,PHI,Die Einheit konstituiert sich im absoluten Widerspruch — das Ich emergiert durch seine eigene Negation.,"Kitarō Nishida, Mu no jikakuteki gentei (Selbstidentität des absolut Widersprüchlichen), 1939; NKZ Bd. 9"
1_Unity,Emergence,Kategorisch,U-340,Kants Schönes als Einheit,PHI,Das Schöne als zweckfreies Gefallen — Emergence einer Einheit von Einbildungskraft und Verstand ohne Begriff.,"Immanuel Kant, Kritik der Urteilskraft §9, 1790"
1_Unity,Emergence,Prozessual,U-341,Schellings Kunstwerk als Einheit,PHI,Das Kunstwerk als vollendete Emergence von bewusstem und unbewusstem Schaffen — Einheit in der Produktion.,"Friedrich W. J. Schelling, System des transzendentalen Idealismus, 1800; SW Bd. 3"
1_Unity,Emergence,Sprachlich,U-342,Schleiermachers Hermeneutik,PHI,Das Verstehen als Emergence einer Einheit zwischen Autor und Leser — divinatorisches Erfassen des Ganzen.,"Friedrich Schleiermacher, Hermeneutik und Kritik, posthum 1838; ed. Frank, Suhrkamp 1977"
1_Unity,Emergence,Erkenntnis,U-343,Peirces Abduktions-Einheit,PHI,Die neue Hypothese als Emergence einer kognitiven Einheit — das Sprunghafte der Erkenntnis.,"Charles S. Peirce, Collected Papers 5.189; 7.202, Harvard UP 1931–1958"
1_Unity,Emergence,Historisch,U-344,Foucaults Episteme,PHI,Das Episteme als Emergence einer historischen Wissenseinheit — verborgener Ordnungsrahmen einer Epoche.,"Michel Foucault, Les mots et les choses, Gallimard 1966; dt. Die Ordnung der Dinge, Suhrkamp 1971"
1_Unity,Emergence,Prozessual,U-345,Deleuzes virtuelle Einheit,PHI,"Das Virtuelle als Einheit vor der Aktualisierung — die Differenz in sich selbst, die in Vielheit emergiert.","Gilles Deleuze, Différence et répétition, PUF 1968; dt. Differenz und Wiederholung, Fink 1992"
1_Unity,Emergence,Historisch,U-346,Badious Treue als Einheit,PHI,Die Treue zum Ereignis als Emergence einer neuen Wahrheit — Einheit einer Wahrheitsverfahren-Gemeinschaft.,"Alain Badiou, L'Être et l'Événement, Seuil 1988; dt. Das Sein und das Ereignis, diaphanes 2005"
1_Unity,Emergence,Dialektisch,U-347,Hegels Familie als Einheit,PHI,Die Familie als erste Emergence konkreter Sittlichkeit — die Einheit von Liebe und Recht.,"Georg W. F. Hegel, Grundlinien der Philosophie des Rechts §158–180, 1820"
1_Unity,Emergence,Kategorisch,U-348,Habermas' postkonventionelle Identität,PHI,Die postkonventionelle moralische Identität als Emergence — das Ich konstituiert sich im Durchgang durch Konventionen.,"Jürgen Habermas, Moralbewusstsein und kommunikatives Handeln, Suhrkamp 1983"
1_Unity,Emergence,Historisch,U-349,Marxens Praxis als Einheit,PHI,Die gesellschaftliche Praxis als Emergence von Geschichte — Einheit von Theorie und Praxis im Handeln.,"Karl Marx, Thesen über Feuerbach §11, 1845; MEW Bd. 3"
1_Unity,Emergence,Prozessual,U-350,Whiteheads kosmologische Einheit,PHI,Die kosmologische Einheit als finales Resultat aller Konkreszenz — Gott und Welt als einander bedingend.,"Alfred N. Whitehead, Process and Reality, Cambridge UP 1929, Part V Ch. II"
2_Loop,Identity,Ontologisch,L-245,Heraklits panta rhei,PHI,"Alles fließt — kein Ding bleibt, was es ist; Wirklichkeit ist ewige Bewegung selbst.","Heraklit, Frag. B91, ca. 500 v. Chr.; Diels/Kranz, Vorsokratiker Bd. 1"
2_Loop,Identity,Ontologisch,L-246,Heraklits Rücklaufharmonie,PHI,Die palintropos harmoniē: Einheit der Gegensätze in ihrer Spannung — wie bei Bogen und Leier.,"Heraklit, Frag. B51, ca. 500 v. Chr.; Diels/Kranz, Vorsokratiker Bd. 1"
2_Loop,Identity,Metaphysisch,L-247,Platons Seelen-Kreislauf,PHI,"Der Kreislauf der Seelen — Aufstieg, Schau der Ideen, Abstieg, Wiedergeburt — als ontologischer Loop.","Platon, Phaidros 249a; Phaidon 107e, ca. 380–360 v. Chr."
2_Loop,Identity,Logisch,L-248,Aristoteles' Kreisschluss,PHI,Der vollständige Syllogismus als geschlossener Ableitungskreis — die Konklusion verweist auf die Prämissen zurück.,"Aristoteles, Erste Analytik I,3, 25b32–26a2, ca. 330 v. Chr."
2_Loop,Identity,Ontologisch,L-249,Aristoteles' kosmischer Kreis,PHI,Die kreisförmige Bewegung des Himmels als vollkommenste — der ewige Kreislauf als Grundform des Kosmos.,"Aristoteles, De Caelo II,3, 286a3–7; Physik VIII,9, ca. 330 v. Chr."
2_Loop,Identity,Metaphysisch,L-250,Plotins Kreisbewegung,PHI,"Die Trias von Verharren (monē), Hervorgang (proodos) und Rückkehr (epistrophē) als ontologischer Grundloop.","Plotin, Enneaden V,2; VI,9, ca. 255–270 n. Chr."
2_Loop,Identity,Metaphysisch,L-251,Augustinus' Unruhe-Ruhe-Loop,PHI,"Unruhig ist unser Herz, bis es Ruhe findet in dir — die existenzielle Schleife aus Suche und Heimkehr.","Augustinus, Confessiones I,1, 397–401 n. Chr."
2_Loop,Identity,Metaphysisch,L-252,Eriugenas Kreislauf,PHI,Die Natur geht aus Gott hervor (processio) und kehrt zu ihm zurück (reditus) — kosmischer Loop.,"Johannes Scottus Eriugena, Periphyseon (De divisione naturae) I, ca. 864–866; CCM 161–163"
2_Loop,Identity,Mystisch,L-253,Böhmes Qualitätenrad,PHI,Das Rad der sieben Naturgeister als ewige Selbstgeburt Gottes — der kreisförmige Lebensprozess des Absoluten.,"Jakob Böhme, Aurora oder Morgenröte im Aufgang, Kap. 3–4, 1612; ed. Schiebler 1831"
2_Loop,Identity,Historisch,L-254,Vicos corsi e ricorsi,PHI,"Der zyklische Verlauf der Geschichte — Göttliche, heroische und menschliche Zeitalter kehren immer wieder.","Giambattista Vico, Scienza Nuova (Principi di Scienza Nuova), 1725/1744"
2_Loop,Identity,Erkenntnis,L-255,Kants Vernunftantinomien,PHI,Die Antinomien als Selbstverschlingung der Vernunft — sie erzeugt unvermeidlich gegensätzliche Thesen.,"Immanuel Kant, Kritik der reinen Vernunft B454–489, 1787"
2_Loop,Identity,Dialektisch,L-256,Fichtes Wechselbestimmung,PHI,Ich und Nicht-Ich bestimmen sich wechselseitig — der fundamentale Loop der Wissenschaftslehre.,"Johann G. Fichte, Grundlage der gesamten Wissenschaftslehre §3, 1794"
2_Loop,Identity,Dialektisch,L-257,Hegels Dialektik als Loop,PHI,Die dialektische Bewegung als Schleife: Die Negation der Negation führt auf eine neue Ebene — nicht zurück.,"Georg W. F. Hegel, Wissenschaft der Logik I §96; Enzyklopädie §81, 1812/1817"
2_Loop,Identity,Dialektisch,L-258,Schellings Potenzkreislauf,PHI,"Der Kreislauf der drei Potenzen (A, A², A=A²) als Grundstruktur der Naturphilosophie.","Friedrich W. J. Schelling, Einleitung zu dem Entwurf eines Systems der Naturphilosophie, 1799; SW Bd. 3"
2_Loop,Identity,Metaphysisch,L-259,Schopenhauers Rad des Ixion,PHI,"Der Wille als ewige Kreisbewegung ohne Ziel — das Rad dreht sich, weil der Wille nie befriedigt ist.","Arthur Schopenhauer, Die Welt als Wille und Vorstellung II §28, 1844; SW Bd. 3"
2_Loop,Identity,Phänomenologisch,L-260,Kierkegaards Wiederholung,PHI,"Die Wiederholung als existenzielle Loop-Struktur — nicht Erinnerung (rückwärts), sondern Wiederholung (vorwärts).","Søren Kierkegaard, Gjentagelsen (Die Wiederholung), 1843; dt. Gütersloher Verlagshaus 1991"
2_Loop,Identity,Ontologisch,L-261,Nietzsche: Ewige Wiederkunft des Gleichen,PHI,Der schwerste Gedanke: diese Welt kehrt ewig wieder — der Loop als höchste Bejahung des Lebens.,"Friedrich Nietzsche, Die fröhliche Wissenschaft §341, 1882; Also sprach Zarathustra III, 1884; KSA 3/4"
2_Loop,Identity,Kategorisch,L-262,Peirces triadische Semiose,PHI,Die Semiose als unendlicher Loop — der Interpretant wird zum neuen Zeichen in einer nicht endenden Kette.,"Charles S. Peirce, Collected Papers 2.303; 5.484, Harvard UP 1931–1958"
2_Loop,Identity,Paradoxal,L-263,Bradleys infinite regress,PHI,Die Gefahr des unendlichen Regresses in der Relationstheorie — jede Relation braucht eine weitere Relation.,"F. H. Bradley, Appearance and Reality, Sonnenschein 1893, Kap. 2–3"
2_Loop,Identity,Phänomenologisch,L-264,Husserls Intentionalitätsschleife,PHI,Bewusstsein ist immer Bewusstsein von etwas — und dieses Etwas konstituiert das Bewusstsein mit.,"Edmund Husserl, Logische Untersuchungen V §13–14, 1901; Hua XIX"
2_Loop,Identity,Phänomenologisch,L-265,Heideggers hermeneutischer Zirkel,PHI,"Das Ganze verstehen aus dem Teil, den Teil aus dem Ganzen — kein Ausweg, sondern Grundstruktur des Verstehens.","Martin Heidegger, Sein und Zeit §32, 1927; GA Bd. 2"
2_Loop,Identity,Phänomenologisch,L-266,Sartres Wahl-Loop,PHI,"Die Freiheit als kondemnierter Loop — ich bin verurteilt, frei zu sein; jede Vermeidung ist selbst eine Wahl.","Jean-Paul Sartre, L'Être et le Néant IV,1, Gallimard 1943"
2_Loop,Identity,Phänomenologisch,L-267,Merleau-Pontys Leib-Welt-Schleife,PHI,"Der Leib formt die Welt, die Welt formt den Leib — die chiasmatische Schleife von Berührendem und Berührtem.","Maurice Merleau-Ponty, Le visible et l'invisible, Gallimard 1968; dt. Fink 1986"
2_Loop,Identity,Sprachlich,L-268,Derridas Iterabilität,PHI,Die Iterabilität des Zeichens — jede Wiederholung verändert: der Loop produziert immer leicht Anderes.,"Jacques Derrida, Signature événement contexte, in: Marges de la philosophie, Minuit 1972"
2_Loop,Identity,Historisch,L-269,Gadamers Wirkungsgeschichte,PHI,Die Wirkungsgeschichte als Loop — Text und Leser stehen in einem Rückkopplungsverhältnis über die Zeit.,"Hans-Georg Gadamer, Wahrheit und Methode II,2, Mohr Siebeck 1960"
2_Loop,Identity,Sprachlich,L-270,Wittgensteins Sprachspiel-Loop,PHI,Sprache konstituiert Praxis und Praxis konstituiert Sprache — die Lebensform als geschlossener Kreislauf.,"Ludwig Wittgenstein, Philosophische Untersuchungen §7, §19, §241, 1953"
2_Loop,Identity,Historisch,L-271,Foucaults Macht-Wissen-Loop,PHI,"Wissen erzeugt Macht, Macht erzeugt Wissen — die Schleife, die keine externe Wahrheitsposition zulässt.","Michel Foucault, Surveiller et punir, Gallimard 1975; dt. Überwachen und Strafen, Suhrkamp 1976"
2_Loop,Identity,Kategorisch,L-272,Luhmanns Autopoiesis,PHI,Das System reproduziert sich durch seine eigenen Operationen — operative Geschlossenheit als Loop-Identität.,"Niklas Luhmann, Soziale Systeme, Suhrkamp 1984, Kap. 2"
2_Loop,Identity,Sprachlich,L-273,Butlers Performativitäts-Loop,PHI,"Identität entsteht durch performative Wiederholung — der Loop der Norm, die sich durch Zitation reproduziert.","Judith Butler, Gender Trouble, Routledge 1990; dt. Das Unbehagen der Geschlechter, Suhrkamp 1991"
2_Loop,Identity,Ontologisch,L-274,Nagarjunas Madhyamā Pratipad,PHI,"Der mittlere Weg als Loop zwischen Sein und Nichtsein — weder Affirmation noch Negation, sondern relatives Entstehen.","Nagarjuna, MMK §15,7–8, ca. 150–200 n. Chr."
2_Loop,Identity,Ontologisch,L-275,Laozis Umkehrbewegung (fu),PHI,§40: Rückkehr ist die Bewegung des Tao — der Loop als Grundstruktur des kosmischen Geschehens.,"Laozi, Tao Te Ching §40, ca. 4. Jh. v. Chr.; trans. Wilhelm, Diederichs 1978"
2_Loop,Identity,Mystisch,L-276,Dōgens Praxis-Erleuchtungs-Loop,PHI,Übung und Erleuchtung sind nicht getrennt und nicht identisch — sie bilden einen Loop ohne Anfang und Ende.,"Dōgen, Bendōwa, 1231; Shōbōgenzō, trans. Tanahashi, North Point 1985"
2_Loop,Identity,Paradoxal,L-277,Zhuangzis Schmetterlings-Loop,PHI,"Bin ich ein Mensch, der träumt, ein Schmetterling zu sein, oder ein Schmetterling, der träumt, ein Mensch zu sein?","Zhuangzi, Kap. 2 (Qiwulun), ca. 3. Jh. v. Chr.; trans. Watson, Columbia UP 2003"
2_Loop,Identity,Dialektisch,L-278,Nishidas Selbstgewahrsein,PHI,"Das Bewusstsein, das sich selbst gewahrwird, ohne Objekt zu werden — die reflexive Schleife des reinen Erlebens.","Kitarō Nishida, Zen no kenkyū, 1911; trans. Abe/Ives, Yale UP 1990"
2_Loop,Identity,Mystisch,L-279,Ibn Arabis Atem des Erbarmers,PHI,Al-nafas al-raḥmānī — Gott atmet die Schöpfung aus und ein: der kosmische Loop als göttlicher Atemzug.,"Ibn Arabi, Fusūs al-Hikam, ca. 1229; in: Chittick, The Sufi Path of Knowledge, SUNY 1989"
2_Loop,Identity,Prozessual,L-280,Whiteheads Kreativitäts-Loop,PHI,"Die Kreativität als der Loop, durch den jede Actual Occasion zur Datenquelle der nächsten wird.","Alfred N. Whitehead, Process and Reality, Cambridge UP 1929, Part I Ch. II"
2_Loop,Identity,Kategorisch,L-281,Peirces Synechismus,PHI,Der Synechismus als kosmologischer Loop — Kontinuität verbindet alle Momente in einem Geflecht.,"Charles S. Peirce, The Architecture of Theories, The Monist 1(2), 1891; CP 6.7–34"
2_Loop,Identity,Dialektisch,L-282,Hegels Er-innerung,PHI,"Die Erinnerung als In-sich-Gehen — der Geist kehrt in sich zurück, um sich auf höherer Ebene neu zu entfalten.","Georg W. F. Hegel, Phänomenologie des Geistes, Schlusskapitel (Abs. Wissen), Bamberg 1807"
2_Loop,Baseline,Ontologisch,L-283,Heraklits Logos als Loop-Gesetz,PHI,Der Logos als gemeinsamer Grund aller Gegensatzbewegungen — die stabile Struktur im ewigen Fluss.,"Heraklit, Frag. B1, B2, ca. 500 v. Chr.; Diels/Kranz, Vorsokratiker Bd. 1"
2_Loop,Baseline,Erkenntnis,L-284,Platons Anamnesis,PHI,Die Wiedererinnerung als epistemischer Loop — Erkennen ist Wiedererkennen des bereits Gewussten.,"Platon, Menon 80e–86b; Phaidon 72e–76d, ca. 380 v. Chr."
2_Loop,Baseline,Ontologisch,L-285,Aristoteles' teleologischer Kreislauf,PHI,Die Natur strebt zum Telos — der teleologische Kreislauf als Baseline organischer Wirklichkeit.,"Aristoteles, Physik II,8, 198b29–199a8, ca. 330 v. Chr."
2_Loop,Baseline,Phänomenologisch,L-286,Augustinus' memoria,PHI,Die memoria als innerer Raum des Loop — Gott ist dem Menschen näher als er sich selbst.,"Augustinus, Confessiones X,6–27, 397–401 n. Chr."
2_Loop,Baseline,Metaphysisch,L-287,Thomas: via negativa et positiva,PHI,Der Doppelweg (via affirmationis / negationis / eminentiae) als hermeneutischer Loop der Gotteslehre.,"Thomas von Aquin, Summa Theologiae I, q.13 a.2–3, 1265–1274"
2_Loop,Baseline,Erkenntnis,L-288,Kants transzendentale Reflexion,PHI,"Die transzendentale Reflexion als Loop — das Vermögen, Erkenntnisakte auf ihre Bedingungen zurückzubeziehen.","Immanuel Kant, Kritik der reinen Vernunft B316–349 (Amphibolie), 1787"
2_Loop,Baseline,Dialektisch,L-289,Hegels Reflexionslogik,PHI,Die Wesenslogik als Reflexionsstruktur — das Sein geht in sich zurück und wird Erscheinung des Wesens.,"Georg W. F. Hegel, Wissenschaft der Logik II (Wesenslogik), Abschn. 1, 1813"
2_Loop,Baseline,Sprachlich,L-290,Schleiermachers hermeneutischer Zirkel,PHI,"Das Verhältnis von Teil und Ganzem im Textverstehen — kein Teil ohne Ganzes, kein Ganzes ohne Teile.","Friedrich Schleiermacher, Hermeneutik und Kritik §28, posthum 1838; ed. Frank, Suhrkamp 1977"
2_Loop,Baseline,Historisch,L-291,Diltheys hermeneutischer Kreislauf,PHI,Das Verstehen des Lebensausdrucks durch Rückgang auf das Leben — die Baseline der Geisteswissenschaften.,"Wilhelm Dilthey, Der Aufbau der geschichtlichen Welt in den Geisteswissenschaften, 1910; GS VII"
2_Loop,Baseline,Phänomenologisch,L-292,Bergsons Gedächtnisloop,PHI,Die Spirale von Erinnerung und Wahrnehmung — Gedächtnis kehrt stets zur Gegenwart zurück und bereichert sie.,"Henri Bergson, Matière et Mémoire, Alcan 1896; dt. Materie und Gedächtnis, Jena 1908"
2_Loop,Baseline,Phänomenologisch,L-293,Husserls innerer Zeitloop,PHI,"Urimpression, Retention und Protention bilden einen sich selbst konstituierenden Zeitfluss.","Edmund Husserl, Vorlesungen zur Phänomenologie des inneren Zeitbewusstseins §31–40, 1928; Hua X"
2_Loop,Baseline,Phänomenologisch,L-294,Heideggers Zeitlichkeit,PHI,"Die ekstatische Zeitlichkeit als Loop — Zukunft, Gewesenheit und Gegenwart verweisen aufeinander.","Martin Heidegger, Sein und Zeit §65, 1927; GA Bd. 2"
2_Loop,Baseline,Erkenntnis,L-295,Peirces Fallibilismus,PHI,Alle Erkenntnis ist vorläufig und dem Loop der Korrektur unterworfen — wissenschaftliche Inquiry als endloser Kreislauf.,"Charles S. Peirce, Collected Papers 5.569; 1.141, Harvard UP 1931–1958"
2_Loop,Baseline,Erkenntnis,L-296,Poppers kritischer Rationalismus,PHI,Theorie → Prüfung → Falsifikation → neue Theorie — der wissenschaftliche Loop als Baseline des Erkenntnisfortschritts.,"Karl Popper, Logik der Forschung, Springer Wien 1934; Objective Knowledge, Oxford UP 1972"
2_Loop,Baseline,Historisch,L-297,Kuhns Normalwissenschaft,PHI,Die Normalwissenschaft als epistemischer Baseline-Loop — Rätsel lösen innerhalb des Paradigmas.,"Thomas S. Kuhn, The Structure of Scientific Revolutions, U of Chicago Press 1962, Kap. 4"
2_Loop,Baseline,Kategorisch,L-298,Maturanas Autopoiesis,PHI,"Die lebende Zelle als Baseline-Loop — sie erzeugt die Komponenten, aus denen sie selbst besteht.","Humberto Maturana / Francisco Varela, Autopoiesis and Cognition, Reidel 1980"
2_Loop,Baseline,Paradoxal,L-299,Batesons double bind,PHI,"Die Doppelbindung als paradoxer Loop — jede Reaktion ist falsch, weil die Metakommunikation die Kommunikation negiert.","Gregory Bateson et al., Toward a Theory of Schizophrenia, Behavioral Science 1(4), 1956; in: Steps, Chicago 1972"
2_Loop,Baseline,Kategorisch,L-300,Luhmanns Beobachtung zweiter Ordnung,PHI,Die Beobachtung von Beobachtungen als Loop — das System sieht sich beim Sehen zu.,"Niklas Luhmann, Soziale Systeme, Suhrkamp 1984, Kap. 2; Die Wissenschaft der Gesellschaft, 1990"
2_Loop,Baseline,Ontologisch,L-301,Nagarjunas Zwei-Wahrheiten als Loop,PHI,Konventionelle und absolute Wahrheit bedingen sich wechselseitig — kein Nirvāna ohne Samsāra.,"Nagarjuna, MMK §24,8–10, ca. 150–200 n. Chr."
2_Loop,Baseline,Ontologisch,L-302,Laozis Gegensatz-Loop,PHI,Sein und Nicht-Sein erzeugen einander — die wechselseitige Bedingtheit als Baseline des Tao.,"Laozi, Tao Te Ching §2, ca. 4. Jh. v. Chr.; trans. Henricks, Ballantine 1989"
2_Loop,Baseline,Kategorisch,L-303,Konfuzius' Selbstkultivierungs-Loop,PHI,"Kultivierung des Selbst als unabschließbarer Loop — Lernen, Reflektieren, Üben in permanenter Wiederholung.","Konfuzius, Analekten I,1; XV,29, ca. 500 v. Chr.; trans. Legge, Clarendon 1893"
2_Loop,Baseline,Historisch,L-304,Ibn Rushds Kommentar-Loop,PHI,"Die aristotelische Tradition als hermeneutischer Loop — Text, Kommentar und Praxis befruchten sich.","Ibn Rushd (Averroës), Tahāfut al-Tahāfut (Inkohärenz der Inkohärenz), ca. 1180; trans. van den Bergh, Luzac 1954"
2_Loop,Baseline,Mystisch,L-305,Dōgens Zazen-Loop,PHI,Zazen als Baseline-Loop — Üben und Erwachen sind nicht getrennt; das Sitzen selbst ist vollständige Buddhanatur.,"Dōgen, Fukanzazengi (Allgemeine Anleitung zum Sitzen), 1227; trans. Tanahashi, North Point 1985"
2_Loop,Baseline,Mystisch,L-306,Rūmīs Ney-Loop,PHI,Das Rohrflötengleichnis als Loop-Metapher — die Seele trennt sich von ihrer Quelle und sehnt sich nach Rückkehr.,"Jalāl ad-Dīn Rūmī, Masnawī I, Verse 1–18, 1258–1273; trans. Nicholson, Luzac 1925"
2_Loop,Baseline,Historisch,L-307,Vicos Ideal-Historik,PHI,"Die ewige ideale Geschichte als Loop-Struktur — was alle Nationen durchlaufen, bleibt invariant.","Giambattista Vico, Scienza Nuova §349, 1744"
2_Loop,Baseline,Dialektisch,L-308,Hegels Aufstieg-Abstieg-Loop,PHI,Der doppelte Weg der Wissenschaft der Logik: Aufstieg zum Abstrakten und Abstieg ins Konkrete als Loop.,"Georg W. F. Hegel, Enzyklopädie der philosophischen Wissenschaften §§79–82, 1817/1830"
2_Loop,Baseline,Dialektisch,L-309,Schellings Potenzierungsschema,PHI,"Die Potenzierung als Wiederholung auf höherer Ebene — A, A² und A³ als Spiralloop der Natur.","Friedrich W. J. Schelling, Erster Entwurf eines Systems der Naturphilosophie §§63–80, 1799; SW Bd. 3"
2_Loop,Baseline,Historisch,L-310,Diltheys Erlebnis-Ausdruck-Verstehen,PHI,"Das Dreieck von Erlebnis, Ausdruck und Verstehen als Loop der Geisteswissenschaften.","Wilhelm Dilthey, Gesammelte Schriften Bd. VII (Der Aufbau), Teubner 1910"
2_Loop,Baseline,Logisch,L-311,Freges Begriffsschrift-Loop,PHI,Die vollständige logische Ableitung als geschlossener Beweis — Axiome und Regeln bilden einen formalen Loop.,"Gottlob Frege, Begriffsschrift, Nebert 1879"
2_Loop,Baseline,Logisch,L-312,Russells Typentheorie als Loop-Auflösung,PHI,Die Typentheorie verhindert den Russell-Loop — keine Menge kann sich selbst enthalten.,"Bertrand Russell / Alfred N. Whitehead, Principia Mathematica Bd. I, Cambridge UP 1910, Einleitung"
2_Loop,Baseline,Sprachlich,L-313,Wittgensteins Sprachkritik-Loop,PHI,"Die philosophische Therapie als Loop — man gibt der Fliege den Ausweg aus der Flasche, in die Sprache sie geführt hat.","Ludwig Wittgenstein, Philosophische Untersuchungen §309, 1953"
2_Loop,Baseline,Erkenntnis,L-314,Searles Intentionalitäts-Baseline,PHI,Intentionale Zustände haben Bedingungen der Erfüllung — und diese Erfüllung setzt neue Intentionen in Gang.,"John Searle, Intentionality, Cambridge UP 1983, Kap. 1–2"
2_Loop,Emergence,Prozessual,L-315,Heraklits Feuer-Emergenz,PHI,Das Feuer als kosmischer Loop-Ursprung — alles wird Feuer und aus Feuer alles; die Emergence aus dem Prozess selbst.,"Heraklit, Frag. B30, B90, ca. 500 v. Chr.; Diels/Kranz, Vorsokratiker Bd. 1"
2_Loop,Emergence,Metaphysisch,L-316,Platons Palingenesis,PHI,Die Wiedergeburt der Seelen als Emergence-Loop — das bessere Leben emergiert aus der Wahl vor der nächsten Inkarnation.,"Platon, Phaidon 107e; Politeia X 617e–621b, ca. 380–370 v. Chr."
2_Loop,Emergence,Phänomenologisch,L-317,Aristoteles' Katharsis,PHI,"Die tragische Katharsis als Emergence — Angst und Mitleid durchlaufen einen Loop, der in Reinigung resultiert.","Aristoteles, Poetik 1449b24–28, ca. 330 v. Chr."
2_Loop,Emergence,Mystisch,L-318,Plotins Rückkehr zur Quelle,PHI,Die Epistrophē als Emergence-Loop — die Seele kehrt zum Einen zurück und emergiert als höheres Selbst.,"Plotin, Enneaden I,6,9 (Über das Schöne), ca. 255 n. Chr."
2_Loop,Emergence,Phänomenologisch,L-319,Augustinus' Bekehrungs-Loop,PHI,"Die Bekehrung als Loop aus Unruhe, Suche und Rückkehr — ein Herz, das sich selbst findet, indem es Gott findet.","Augustinus, Confessiones VIII–IX, 397–401 n. Chr."
2_Loop,Emergence,Erkenntnis,L-320,Kants regulativer Loop,PHI,"Die regulative Idee als Emergence-Impuls — sie lenkt die Forschung, ohne selbst konstitutiv zu sein.","Immanuel Kant, Kritik der reinen Vernunft B672–696, 1787"
2_Loop,Emergence,Dialektisch,L-321,Hegels absoluter Geist,PHI,"Der Geist, der zu sich selbst kommt — die Emergence des absoluten Selbstbewusstseins am Ende des dialektischen Loops.","Georg W. F. Hegel, Phänomenologie des Geistes, Schlusskapitel, Bamberg 1807"
2_Loop,Emergence,Historisch,L-322,Marxens dialektischer Materialismus,PHI,Der historische Loop aus Produktionsverhältnissen und Produktivkräften — Gesellschaft emergiert aus ihren Widersprüchen.,"Karl Marx / Friedrich Engels, Deutsche Ideologie, 1845–46; MEW Bd. 3"
2_Loop,Emergence,Phänomenologisch,L-323,Kierkegaards existenzieller Sprung,PHI,Der qualitative Sprung als Loop-Emergence — von der ästhetischen zur ethischen zur religiösen Existenz.,"Søren Kierkegaard, Enten-Eller (Entweder-Oder), 1843; dt. Gütersloher Verlagshaus 2005"
2_Loop,Emergence,Prozessual,L-324,Bergsons Schöpferische Evolution,PHI,Der élan vital als Emergence aus dem Lebens-Loop — das Leben überwindet immer wieder die Materie durch Kreativität.,"Henri Bergson, L'Évolution créatrice, Alcan 1907; dt. Schöpferische Evolution, Jena 1912"
2_Loop,Emergence,Phänomenologisch,L-325,Husserls Konstitutions-Loop,PHI,Die Konstitution von Objektivität aus subjektiven Akten — Gegenstand emergiert aus dem Loop von Intention und Erfüllung.,"Edmund Husserl, Logische Untersuchungen VI §§45–52, 1901; Hua XIX/2"
2_Loop,Emergence,Phänomenologisch,L-326,Heideggers Augenblick,PHI,Der Augenblick (Kairos) als Emergence-Punkt im Loop der Zeitlichkeit — Zukunft und Vergangenheit kreuzen sich.,"Martin Heidegger, Sein und Zeit §65, 1927; GA Bd. 2"
2_Loop,Emergence,Phänomenologisch,L-327,Sartres Projekt-Emergence,PHI,Das fundamentale Projekt als Emergence aus der Wahl — das Selbst emergiert aus dem Loop von Freiheit und Situation.,"Jean-Paul Sartre, Critique de la raison dialectique Bd. I, Gallimard 1960"
2_Loop,Emergence,Phänomenologisch,L-328,Merleau-Pontys Bewegungs-Emergence,PHI,Bedeutung emergiert aus Bewegung — der Loop von Leib und Welt erzeugt Sinn ohne geistige Zuthat.,"Maurice Merleau-Ponty, Phénoménologie de la perception, Gallimard 1945, Teil III"
2_Loop,Emergence,Historisch,L-329,Arendts Handlungs-Emergence,PHI,Das politische Handeln als Emergence im öffentlichen Raum — Freiheit emergiert nur im Zwischen der Handelnden.,"Hannah Arendt, The Human Condition, U of Chicago Press 1958; dt. Vita activa, Kohlhammer 1960"
2_Loop,Emergence,Kategorisch,L-330,Habermas' Rationalitäts-Emergence,PHI,"Die kommunikative Vernunft emergiert im Loop des Diskurses — nicht gegeben, sondern erzeugt durch Argumentation.","Jürgen Habermas, Theorie des kommunikativen Handelns Bd. II, Suhrkamp 1981"
2_Loop,Emergence,Historisch,L-331,Foucaults Genealogie-Loop,PHI,"Das Subjekt emergiert aus dem Loop von Diskurs und Macht — es ist nicht Ursprung, sondern Effekt.","Michel Foucault, Surveiller et punir, Gallimard 1975; dt. Suhrkamp 1976"
2_Loop,Emergence,Sprachlich,L-332,Derridas Dekonstruktions-Loop,PHI,Die Dekonstruktion als Emergence neuer Lektüren aus dem Loop von Text und Lektüre.,"Jacques Derrida, De la grammatologie, Minuit 1967; dt. Grammatologie, Suhrkamp 1974"
2_Loop,Emergence,Prozessual,L-333,Deleuzes Wiederholungs-Emergenz,PHI,"Aus der Wiederholung emergiert Differenz — der Loop erzeugt immer Neues, nie dasselbe.","Gilles Deleuze, Différence et répétition, PUF 1968; dt. Differenz und Wiederholung, Fink 1992"
2_Loop,Emergence,Kategorisch,L-334,Luhmanns Systemdifferenzierung,PHI,Gesellschaftliche Teilsysteme emergieren aus dem Loop autopoietischer Reproduktion.,"Niklas Luhmann, Die Gesellschaft der Gesellschaft, Suhrkamp 1997, Kap. 4"
2_Loop,Emergence,Sprachlich,L-335,Butlers Performativitäts-Emergence,PHI,"Geschlecht emergiert nicht aus Natur, sondern aus dem Loop performativer Wiederholung.","Judith Butler, Gender Trouble, Routledge 1990; dt. Das Unbehagen der Geschlechter, Suhrkamp 1991"
2_Loop,Emergence,Prozessual,L-336,Peirces evolutionary cosmology,PHI,Der Kosmos emergiert als Loop — aus dem Zufall entsteht durch Gewohnheitsbildung das Gesetz.,"Charles S. Peirce, The Architecture of Theories, The Monist 1(2), 1891; CP 6.7–34"
2_Loop,Emergence,Ontologisch,L-337,Nagarjunas Praxis-Wahrheits-Loop,PHI,"Aus dem Loop von Praxis und Einsicht emergiert Befreiung — Nirvāna ist kein Zustand, sondern ein Vollzug.","Nagarjuna, Vigrahavyāvartanī, ca. 150–200 n. Chr.; trans. Westerhoff, Oxford UP 2010"
2_Loop,Emergence,Mystisch,L-338,Dōgens Erleuchtungs-Emergence,PHI,"Die Erleuchtung emergiert im und durch den Loop der Praxis — sie ist nicht Ziel, sondern Inhalt des Weges.","Dōgen, Shōbōgenzō: Zazenshin, 1242; trans. Tanahashi, North Point 1985"
2_Loop,Emergence,Ontologisch,L-339,Laozis Rückkehr-Emergence (fu),PHI,Im Rückkehren liegt die Bewegung des Tao — die Emergence des Neuen aus dem Loop der Umkehr.,"Laozi, Tao Te Ching §16, §40, ca. 4. Jh. v. Chr.; trans. Wilhelm, Diederichs 1978"
2_Loop,Emergence,Paradoxal,L-340,Zhuangzis Butterfly-Emergence,PHI,"Aus dem Schmetterlings-Loop emergiert eine neue Identitätsfrage — das Ich ist nicht fest, sondern Übergang.","Zhuangzi, Kap. 2 (Qiwulun), ca. 3. Jh. v. Chr.; trans. Watson, Columbia UP 2003"
2_Loop,Emergence,Mystisch,L-341,Rūmīs Trennungs-Einheits-Loop,PHI,Aus dem Schmerz der Trennung emergiert tiefere Einheit — der Ney-Loop als Weg von Schmerz zu Erkenntnis.,"Jalāl ad-Dīn Rūmī, Masnawī I, 1–18, 1258–1273; trans. Nicholson, Luzac 1925"
2_Loop,Emergence,Mystisch,L-342,Ibn Arabis Schöpfungs-Loop,PHI,"Die Schöpfung als ewige Emergence — Gott atmet die Welt aus, um sich selbst zu erkennen.","Ibn Arabi, Fusūs al-Hikam, ca. 1229; trans. Austin, Paulist Press 1980"
2_Loop,Emergence,Dialektisch,L-343,Hegels List der Vernunft,PHI,Die List der Vernunft als Emergenzprinzip — das Allgemeine emergiert aus dem Loop individueller Ziele.,"Georg W. F. Hegel, Enzyklopädie §209; Vorlesungen über die Philosophie der Geschichte, 1837"
2_Loop,Emergence,Prozessual,L-344,Kants Teleologie der Natur,PHI,Die Natur als ob sie zweckmäßig wäre — aus dem Loop von Ursache und Wirkung emergiert scheinbare Zweckhaftigkeit.,"Immanuel Kant, Kritik der Urteilskraft §§65–68, 1790"
